id,equipe,adversaire,logo_adversaire,date,heure,lieu,domicile,division,score_scr,score_adv,buteurs,statut,created_at,updated_at
101,SCR 1,Oberroedern Aschbach,https://cdn-transverse.azureedge.net/phlogos/BC524677.jpg,2025-08-17,16:00:00,"STADE MUNICIPAL, ASCHBACH",f,COUPE DE FRANCE CRÉDIT AGRICOLE,2,2,"{""Gregory SCHNEIDER"",""Gregory SCHNEIDER""}",termine,2026-04-27 11:13:12.566485,2026-05-11 11:02:24.574922
102,SCR 1,Strasbourg Suc,https://cdn-transverse.azureedge.net/phlogos/BC515965.jpg,2025-08-24,16:00:00,"STADE JEAN PIERRE 1, ROESCHWOOG",t,District 1 Alsace,4,2,"{""Gregory SCHNEIDER"",""Gregory SCHNEIDER"",""Gregory SCHNEIDER"",""Meihdy PORTIER""}",termine,2026-04-27 11:13:12.575309,2026-05-11 11:02:24.580472
104,SCR 1,Ent.Fcwiss/Altenstad,https://cdn-transverse.azureedge.net/phlogos/BC500413.jpg,2025-08-31,16:00:00,"STADE DES TURCOS 1, WISSEMBOURG",f,COUPE DE FRANCE CRÉDIT AGRICOLE,3,0,"{""Emilio GUERACAGUE"",""Matthieu CAMOLLI"",""Maximilien WILLIG""}",termine,2026-04-27 11:13:12.578219,2026-05-11 11:02:24.582491
107,SCR 1,Strg Hautepierre Afj,https://cdn-transverse.azureedge.net/phlogos/BC582444.jpg,2025-09-07,16:00:00,"STADE DE HAUTEPIERRE 1, STRASBOURG",f,District 1 Alsace,3,0,"{""Ludovic NOLD"",""Erwan KNOERY"",""Maximilien WILLIG""}",termine,2026-04-27 11:13:12.581852,2026-05-11 11:02:24.58543
110,SCR 1,Schleithal Us,https://cdn-transverse.azureedge.net/phlogos/BC521282.jpg,2025-09-14,15:00:00,"STADE JEAN PIERRE 1, ROESCHWOOG",t,COUPE DE FRANCE CRÉDIT AGRICOLE,0,2,{},termine,2026-04-27 11:13:12.585668,2026-05-11 11:02:24.58844
111,SCR 1,Sessenheim/Stattmatt,https://cdn-transverse.azureedge.net/phlogos/BC504043.jpg,2025-09-21,16:00:00,"STADE JEAN PIERRE 1, ROESCHWOOG",t,District 1 Alsace,0,2,{},termine,2026-04-27 11:13:12.587248,2026-05-11 11:02:24.589457
113,SCR 1,Niederschaeffolsheim,https://cdn-transverse.azureedge.net/phlogos/BC520543.jpg,2025-09-28,15:00:00,"STADE JEAN PIERRE 1, ROESCHWOOG",t,Coupe d''Alsace Intermarché,1,2,"{""Jonathan SCHLADENHAUFEN""}",termine,2026-04-27 11:13:12.594832,2026-05-11 11:02:24.591044
117,SCR 1,Durrenb. Ent. Hegen,https://cdn-transverse.azureedge.net/phlogos/BC504059.jpg,2025-10-05,15:00:00,"STADE MUNICIPAL 1, DURRENBACH",f,District 1 Alsace,6,0,"{""Emilio GUERACAGUE"",""Emilio GUERACAGUE"",""Kenny DEBURE"",""Kenny DEBURE"",""Franck FUCHS"",""Meihdy PORTIER""}",termine,2026-04-27 11:13:12.598992,2026-05-11 11:02:24.594276
120,SCR 1,Beinheim S.S.,https://cdn-transverse.azureedge.net/phlogos/BC508931.jpg,2025-10-12,15:00:00,"STADE JEAN PIERRE 1, ROESCHWOOG",t,District 1 Alsace,2,0,"{""Franck FUCHS"",""Quentin DUARTE""}",termine,2026-04-27 11:13:12.601719,2026-05-11 11:02:24.596537
123,SCR 1,Gambsheim As,https://cdn-transverse.azureedge.net/phlogos/BC504133.jpg,2025-10-19,15:00:00,"STADE JEAN PIERRE 1, ROESCHWOOG",t,District 1 Alsace,1,1,"{""Gregory SCHNEIDER""}",termine,2026-04-27 11:13:12.604307,2026-05-11 11:02:24.598784
126,SCR 1,Hoenheim Sr,https://cdn-transverse.azureedge.net/phlogos/BC503968.jpg,2025-10-26,15:00:00,"STADE OMNISPORTS LE CHÊNE 1, HOENHEIM",f,District 1 Alsace,1,1,"{""Erwan KNOERY""}",termine,2026-04-27 11:13:12.606873,2026-05-11 11:02:24.601557
129,SCR 1,Mothern Fc,https://cdn-transverse.azureedge.net/phlogos/BC519635.jpg,2025-11-02,14:30:00,"STADE JEAN PIERRE 1, ROESCHWOOG",t,District 1 Alsace,1,3,"{""Gregory SCHNEIDER""}",termine,2026-04-27 11:13:12.609241,2026-05-11 11:02:24.603622
133,SCR 1,Oberlauterbach Us,https://cdn-transverse.azureedge.net/phlogos/BC527527.jpg,2025-11-23,14:30:00,"STADE JEAN PIERRE 1, ROESCHWOOG",t,District 1 Alsace,0,1,{},termine,2026-04-27 11:13:12.612628,2026-05-11 11:02:24.606695
135,SCR 1,Scheibenhard Fc,https://cdn-transverse.azureedge.net/phlogos/BC521271.jpg,2025-11-30,14:30:00,"STADE JEAN PIERRE 1, ROESCHWOOG",t,Coupe Crédit Mutuel Wissembourg,1,4,"{""Erwan KNOERY""}",termine,2026-04-27 11:13:12.614223,2026-05-11 11:02:24.608237
137,SCR 1,Bischwiller Turcs,https://cdn-transverse.azureedge.net/phlogos/BC528843.jpg,2025-12-07,14:30:00,"STADE DES PINS 1, BISCHWILLER",f,District 1 Alsace,4,1,"{""Kenny DEBURE"",""Jonathan SCHLADENHAUFEN"",""Quentin DUARTE"",""Erwan KNOERY""}",termine,2026-04-27 11:13:12.615667,2026-05-11 11:02:24.609517
138,SCR 1,Sessenheim/Stattmatt,https://cdn-transverse.azureedge.net/phlogos/BC504043.jpg,2026-03-01,15:00:00,"STADE MUNICIPAL 1, SESSENHEIM",f,District 1 Alsace,1,1,"{""Nicolas MARTIRADONNA""}",termine,2026-04-27 11:13:12.616391,2026-05-11 11:02:24.610191
141,SCR 1,Mundolsheim As,https://cdn-transverse.azureedge.net/phlogos/BC509457.jpg,2026-03-08,15:00:00,"PARC DES SPORTS LES FLORALIES 1, MUNDOLSHEIM",f,District 1 Alsace,2,4,"{""Tom KASPER"",""Tom KASPER""}",termine,2026-04-27 11:13:12.61874,2026-05-11 11:02:24.612183
142,SCR 1,Durrenb. Ent. Hegen,https://cdn-transverse.azureedge.net/phlogos/BC504059.jpg,2026-03-15,15:00:00,"STADE JEAN PIERRE 1, ROESCHWOOG",t,District 1 Alsace,1,2,"{""Franck FUCHS""}",termine,2026-04-27 11:13:12.619469,2026-05-11 11:02:24.61282
147,SCR 1,Beinheim S.S.,https://cdn-transverse.azureedge.net/phlogos/BC508931.jpg,2026-03-29,15:00:00,"STADE DE LA SAUER 1, BEINHEIM",f,District 1 Alsace,2,1,"{""Tom KASPER"",""Quentin DUARTE""}",termine,2026-04-27 11:13:12.623178,2026-05-11 11:02:24.615979
149,SCR 1,Gambsheim As,https://cdn-transverse.azureedge.net/phlogos/BC504133.jpg,2026-04-12,16:00:00,"STADE BITZIG 1, GAMBSHEIM",f,District 1 Alsace,0,3,{},termine,2026-04-27 11:13:12.624657,2026-05-11 11:02:24.61754
89,SCR 1,Hoenheim Sr,https://cdn-transverse.azureedge.net/phlogos/BC503968.jpg,2026-04-19,15:00:00,"STADE JEAN PIERRE 1, ROESCHWOOG",t,District 1 Alsace,0,1,{},termine,2026-04-18 13:51:27.309341,2026-05-11 11:02:24.625123
96,SCR 1,Strg Hautepierre Afj,https://cdn-transverse.azureedge.net/phlogos/BC582444.jpg,2026-04-26,16:00:00,"STADE JEAN PIERRE 1, ROESCHWOOG",t,District 1 Alsace,1,2,"{""Meihdy PORTIER""}",termine,2026-04-19 22:50:36.759393,2026-05-11 11:02:24.628987
99,SCR 1,Mothern Fc,https://cdn-transverse.azureedge.net/phlogos/BC519635.jpg,2026-05-03,16:00:00,"STADE MUNICIPAL DE LA NEUWIES 1, MOTHERN",f,District 1 Alsace,2,2,"{""Tom KASPER"",""Meihdy PORTIER""}",termine,2026-04-27 11:08:37.66843,2026-05-11 11:02:24.630665
168,SCR 1,Mundolsheim As,https://cdn-transverse.azureedge.net/phlogos/BC509457.jpg,2026-05-10,16:00:00,"STADE JEAN PIERRE 1, ROESCHWOOG",t,District 1 Alsace,2,2,"{""Nicolas MARTIRADONNA"",""Gregory SCHNEIDER""}",termine,2026-05-11 10:27:13.770647,2026-05-11 11:02:24.632237
157,SCR 1,Oberlauterbach Us,https://cdn-transverse.azureedge.net/phlogos/BC527527.jpg,2026-05-17,17:00:00,"STADE MUNICIPAL 1, OBERLAUTERBACH",f,District 1 Alsace,0,3,{},termine,2026-04-27 11:13:12.631497,2026-05-18 08:29:02.417103
160,SCR 1,Bischwiller Turcs,https://cdn-transverse.azureedge.net/phlogos/BC528843.jpg,2026-05-31,17:00:00,"STADE JEAN PIERRE 1, ROESCHWOOG",t,District 1 Alsace,1,3,"{""Kenny DEBURE""}",termine,2026-04-27 11:13:12.633918,2026-06-02 14:08:54.30661
163,SCR 1,Strasbourg Suc,https://cdn-transverse.azureedge.net/phlogos/BC515965.jpg,2026-06-07,17:00:00,"STADE DE L' ILL 1, STRASBOURG",f,District 1 Alsace,3,0,"{""Erwan KNOERY"",""Ewann KANT"",""Matthieu CAMOLLI""}",termine,2026-04-27 11:13:12.636611,2026-06-09 09:29:48.66113
103,SCR 2,Dalhunden Us,https://cdn-transverse.azureedge.net/phlogos/BC504119.jpg,2025-08-24,16:00:00,"STADE MUNICIPAL, DALHUNDEN",f,District 5 Alsace,2,1,"{""Nathan LITSCHGY"",""Sebastien KASTNER""}",termine,2026-04-27 11:13:12.577013,2026-05-11 11:02:24.581563
105,SCR 2,Bischwiller Turcs,https://cdn-transverse.azureedge.net/phlogos/BC528843.jpg,2025-08-31,10:00:00,"STADE JEAN PIERRE 1, ROESCHWOOG",t,Coupe des Réserves Alsace Vivialys,1,2,"{""Nathan LITSCHGY""}",termine,2026-04-27 11:13:12.579402,2026-05-11 11:02:24.583505
108,SCR 2,Ent.Fcwiss/Altenstad,https://cdn-transverse.azureedge.net/phlogos/BC500413.jpg,2025-09-07,10:00:00,"STADE JEAN PIERRE 1, ROESCHWOOG",t,District 5 Alsace,1,1,"{""Julien HUCK""}",termine,2026-04-27 11:13:12.583585,2026-05-11 11:02:24.586379
112,SCR 2,La Wantzenau Fc,https://cdn-transverse.azureedge.net/phlogos/BC514691.jpg,2025-09-21,10:00:00,"STADE MARCEL DIEBOLD 2, LA WANTZENAU",f,District 5 Alsace,1,1,"{""Julien HUCK""}",termine,2026-04-27 11:13:12.593368,2026-05-11 11:02:24.590284
116,SCR 2,Schoen/Memmel Fr,https://cdn-transverse.azureedge.net/phlogos/BC582629.jpg,2025-10-05,10:00:00,"STADE JEAN PIERRE 1, ROESCHWOOG",t,District 5 Alsace,1,0,"{""Julien HUCK""}",termine,2026-04-27 11:13:12.597989,2026-05-11 11:02:24.593511
118,SCR 2,Offendorf Es,https://cdn-transverse.azureedge.net/phlogos/BC511645.jpg,2025-10-12,10:00:00,"STADE DU RHIN 1, OFFENDORF",f,District 5 Alsace,4,0,"{""Didier MALA"",""Greg MULLER"",""Didier MALA"",""Sylvain KARL""}",termine,2026-04-27 11:13:12.59998,2026-05-11 11:02:24.595104
121,SCR 2,Salmbach Ass,https://cdn-transverse.azureedge.net/phlogos/BC553663.jpg,2025-10-19,15:00:00,"STADE DE LA LAUTER 1, SALMBACH",f,District 5 Alsace,4,0,"{""Hugo VITZIKAM"",""Benito SCHNEIDER"",""Enzo HAAS"",""Didier MALA""}",termine,2026-04-27 11:13:12.602597,2026-05-11 11:02:24.597282
124,SCR 2,Schiltigh Esp,https://cdn-transverse.azureedge.net/phlogos/BC523901.jpg,2025-10-26,10:00:00,"STADE JEAN PIERRE 1, ROESCHWOOG",t,District 5 Alsace,3,0,{},termine,2026-04-27 11:13:12.605154,2026-05-11 11:02:24.599509
127,SCR 2,Rittershoffen Sc,https://cdn-transverse.azureedge.net/phlogos/BC514977.jpg,2025-11-02,10:00:00,"STADE ALOYSE ZIMMERMANN 1, RITTERSHOFFEN",f,District 5 Alsace,8,0,"{""Nathan LITSCHGY"",""Nathan LITSCHGY"",""Ludovic NOLD"",""Ludovic NOLD"",""Meihdy PORTIER"",""Didier MALA"",""Greg MULLER"",""Enzo HAAS""}",termine,2026-04-27 11:13:12.60765,2026-05-11 11:02:24.602258
130,SCR 2,Roppenheim Sc,https://cdn-transverse.azureedge.net/phlogos/BC518515.jpg,2025-11-09,10:00:00,"STADE JEAN PIERRE 1, ROESCHWOOG",t,District 5 Alsace,5,1,"{""Nathan LITSCHGY"",""Ludovic NOLD"",""Meihdy PORTIER"",""Meihdy PORTIER"",""Sylvain KARL""}",termine,2026-04-27 11:13:12.610044,2026-05-11 11:02:24.604392
134,SCR 2,Rott Fc,https://cdn-transverse.azureedge.net/phlogos/BC520461.jpg,2025-11-23,14:30:00,"STADE OBERWIESE, ROTT",f,District 5 Alsace,1,0,"{""Valentin SCHNEIDER""}",termine,2026-04-27 11:13:12.613429,2026-05-11 11:02:24.607427
136,SCR 2,Leutenheim A.S.S.B.,https://cdn-transverse.azureedge.net/phlogos/BC516915.jpg,2025-11-30,10:00:00,"STADE JEAN PIERRE 1, ROESCHWOOG",t,District 5 Alsace,3,0,"{""Valentin SCHNEIDER"",""Sylvain KARL"",""Kevin WILHELM""}",termine,2026-04-27 11:13:12.615002,2026-05-11 11:02:24.608897
139,SCR 2,La Wantzenau Fc,https://cdn-transverse.azureedge.net/phlogos/BC514691.jpg,2026-03-01,10:00:00,"STADE JEAN PIERRE 1, ROESCHWOOG",t,District 5 Alsace,2,2,"{""Didier MALA"",""Meihdy PORTIER""}",termine,2026-04-27 11:13:12.617224,2026-05-11 11:02:24.610849
144,SCR 2,Schoen/Memmel Fr,https://cdn-transverse.azureedge.net/phlogos/BC582629.jpg,2026-03-15,15:00:00,"STADE MUNICIPAL, SCHOENENBOURG",f,District 5 Alsace,0,1,{},termine,2026-04-27 11:13:12.620948,2026-05-11 11:02:24.614101
146,SCR 2,Offendorf Es,https://cdn-transverse.azureedge.net/phlogos/BC511645.jpg,2026-03-29,10:00:00,"STADE JEAN PIERRE 1, ROESCHWOOG",t,District 5 Alsace,11,0,"{""Nathan LITSCHGY"",""Nathan LITSCHGY"",""Ludovic NOLD"",""Clement HENTSCH"",""Benito SCHNEIDER"",""Benito SCHNEIDER"",""Benito SCHNEIDER"",""Didier MALA"",""Didier MALA"",""Hugo WOLFF"",""Valentin SCHNEIDER""}",termine,2026-04-27 11:13:12.622375,2026-05-11 11:02:24.61535
148,SCR 2,Salmbach Ass,https://cdn-transverse.azureedge.net/phlogos/BC553663.jpg,2026-04-12,10:00:00,"STADE JEAN PIERRE 1, ROESCHWOOG",t,District 5 Alsace,1,0,"{""Nathan LITSCHGY""}",termine,2026-04-27 11:13:12.623883,2026-05-11 11:02:24.616658
90,SCR 2,Schiltigh Esp,https://cdn-transverse.azureedge.net/phlogos/BC523901.jpg,2026-04-19,16:00:00,"STADE ERNEST ROMENS, SCHILTIGHEIM",f,District 5 Alsace,3,1,"{""Kenny DEBURE"",""Valentin SCHNEIDER"",""Kenny DEBURE""}",termine,2026-04-18 13:51:27.310592,2026-05-11 11:02:24.618966
97,SCR 2,Ent.Fcwiss/Altenstad,https://cdn-transverse.azureedge.net/phlogos/BC500413.jpg,2026-04-26,16:00:00,"STADE DES TURCOS 2, WISSEMBOURG",f,District 5 Alsace,6,0,"{""Kenny DEBURE"",""Nicolas MARTIRADONNA"",""Nicolas MARTIRADONNA"",""Romain BOEHM"",""Clement HENTSCH"",""Julien KARL""}",termine,2026-04-19 22:50:36.761001,2026-05-11 11:02:24.62792
98,SCR 2,Rittershoffen Sc,https://cdn-transverse.azureedge.net/phlogos/BC514977.jpg,2026-05-03,10:00:00,"STADE JEAN PIERRE 1, ROESCHWOOG",t,District 5 Alsace,5,1,"{""Julien KOCH"",""Kenny DEBURE"",""Kenny DEBURE"",""Erwan KNOERY"",""Erwan KNOERY""}",termine,2026-04-27 11:08:37.649285,2026-05-11 11:02:24.629868
155,SCR 2,Roppenheim Sc,https://cdn-transverse.azureedge.net/phlogos/BC518515.jpg,2026-05-10,16:00:00,"STADE HENRI DESMARRES, ROPPENHEIM",f,District 5 Alsace,4,1,"{""Kenny DEBURE"",""Tom KASPER"",""Tom KASPER"",""Valentin SCHNEIDER""}",termine,2026-04-27 11:13:12.63013,2026-05-11 11:02:24.632996
158,SCR 2,Rott Fc,https://cdn-transverse.azureedge.net/phlogos/BC520461.jpg,2026-05-17,10:00:00,"STADE JEAN PIERRE 1, ROESCHWOOG",t,District 5 Alsace,6,0,"{""Julien KOCH"",""Valentin SCHNEIDER"",""Romain BOEHM"",""Kenny DEBURE"",""Enzo HAAS"",""Sylvain KARL""}",termine,2026-04-27 11:13:12.632115,2026-05-18 08:27:45.305341
239,SCR 2,Leutenheim A.S.S.B.,https://cdn-transverse.azureedge.net/phlogos/BC516915.jpg,2026-05-31,17:00:00,,f,District 5 Alsace,7,0,"{""Julien HUCK"",""Julien HUCK"",""Erwan KNOERY"",""Erwan KNOERY"",""Enzo HAAS"",""Maxime LOGEL"",""Valentin SCHNEIDER""}",termine,2026-06-02 14:28:47.809752,2026-06-02 14:30:30.542503
164,SCR 2,Dalhunden Us,https://cdn-transverse.azureedge.net/phlogos/BC504119.jpg,2026-06-07,17:00:00,"STADE JEAN PIERRE 1, ROESCHWOOG",t,District 5 Alsace,4,1,"{""Kevin WILHELM"",""Kevin WILHELM"",""Didier MALA"",""Enzo HAAS""}",termine,2026-04-27 11:13:12.637293,2026-06-09 09:29:04.956423
106,SCR 3,Hoffen Fc,https://cdn-transverse.azureedge.net/phlogos/BC525960.jpg,2025-08-31,10:00:00,"STADE MUNICIPAL, HOFFEN",f,Challenge des Réserves Alsace Vivialys,2,1,"{""Enzo STUMPF"",""Murat DAG""}",termine,2026-04-27 11:13:12.580583,2026-05-11 11:02:24.584442
109,SCR 3,Aschbach Oberroedern,https://cdn-transverse.azureedge.net/phlogos/BC522585.jpg,2025-09-07,10:00:00,"STADE MUNICIPAL 2, OBERROEDERN",f,District 7 Alsace,1,0,"{""Kevin WILHELM""}",termine,2026-04-27 11:13:12.584596,2026-05-11 11:02:24.58739
114,SCR 3,Niederr Schaffh Ent,https://cdn-transverse.azureedge.net/phlogos/BC513892.jpg,2025-09-28,10:00:00,"STADE JEAN PIERRE 1, ROESCHWOOG",t,Challenge des Réserves Alsace Vivialys,0,3,{},termine,2026-04-27 11:13:12.595915,2026-05-11 11:02:24.591922
115,SCR 3,Hatten As,https://cdn-transverse.azureedge.net/phlogos/BC510304.jpg,2025-10-04,18:30:00,"STADE MUNICIPAL LÉONARD EISELE, HATTEN",f,District 7 Alsace,3,1,"{""Kevin WILHELM"",""Hugo WOLFF"",""Yanis DUARTE""}",termine,2026-04-27 11:13:12.596968,2026-05-11 11:02:24.592732
119,SCR 3,Hunspach As,https://cdn-transverse.azureedge.net/phlogos/BC511367.jpg,2025-10-12,10:00:00,"STADE JEAN PIERRE 2, ROESCHWOOG",t,District 7 Alsace,1,3,"{""Stephan KRAUSE""}",termine,2026-04-27 11:13:12.600884,2026-05-11 11:02:24.59582
122,SCR 3,Niederlauterbach,https://cdn-transverse.azureedge.net/phlogos/BC546490.jpg,2025-10-19,10:00:00,"STADE JEAN PIERRE 2, ROESCHWOOG",t,District 7 Alsace,6,3,"{""Kevin WILHELM"",""Kevin WILHELM"",""Dylan MARTZ"",""Stephane LAUTER"",""Kevin WILHELM"",""Mateo HUCK""}",termine,2026-04-27 11:13:12.603433,2026-05-11 11:02:24.598007
125,SCR 3,Surbourg Us,https://cdn-transverse.azureedge.net/phlogos/BC504026.jpg,2025-10-26,10:00:00,"STADE MUNICIPAL, SURBOURG",f,District 7 Alsace,2,3,"{""Kevin WILHELM"",""Kevin WILHELM""}",termine,2026-04-27 11:13:12.60599,2026-05-11 11:02:24.600209
128,SCR 3,Oberlauterbach Us,https://cdn-transverse.azureedge.net/phlogos/BC527527.jpg,2025-11-02,10:00:00,"STADE JEAN PIERRE 2, ROESCHWOOG",t,District 7 Alsace,6,0,"{""Kevin WILHELM"",""Kevin WILHELM"",""Mateo HUCK"",""Yanis DUARTE"",""Stephane LAUTER"",""Enzo STUMPF""}",termine,2026-04-27 11:13:12.608377,2026-05-11 11:02:24.602934
131,SCR 3,Beinheim S.S.,https://cdn-transverse.azureedge.net/phlogos/BC508931.jpg,2025-11-09,10:00:00,"STADE DE LA SAUER 1, BEINHEIM",f,District 7 Alsace,1,0,"{""Mateo HUCK""}",termine,2026-04-27 11:13:12.610977,2026-05-11 11:02:24.605051
132,SCR 3,Neuhaeusel Fc,https://cdn-transverse.azureedge.net/phlogos/BC520938.jpg,2025-11-16,10:00:00,"STADE JEAN PIERRE 2, ROESCHWOOG",t,District 7 Alsace,2,2,"{""Kevin WILHELM"",""Kevin WILHELM""}",termine,2026-04-27 11:13:12.611774,2026-05-11 11:02:24.605749
140,SCR 3,Hinterfeld Ac,https://cdn-transverse.azureedge.net/phlogos/BC537861.jpg,2026-03-08,10:00:00,"STADE COPAINS 1, WALBOURG",f,District 7 Accession,1,2,"{""Romain SCHMITT""}",termine,2026-04-27 11:13:12.618007,2026-05-11 11:02:24.611485
166,SCR 3,Hunspach As,https://cdn-transverse.azureedge.net/phlogos/BC511367.jpg,2026-03-15,10:00:00,"STADE JEAN PIERRE 2, ROESCHWOOG",t,District 7 Accession,2,0,"{""Romain SCHMITT"",""Romain SCHMITT""}",termine,2026-05-11 10:27:13.753055,2026-05-11 11:05:29.953185
145,SCR 3,Hatten As,https://cdn-transverse.azureedge.net/phlogos/BC510304.jpg,2026-03-28,18:30:00,"STADE MUNICIPAL LÉONARD EISELE, HATTEN",f,District 7 Accession,3,5,"{""Stephan KRAUSE"",""Stephan KRAUSE"",""Nathan BLETTERER""}",termine,2026-04-27 11:13:12.621621,2026-05-11 11:02:24.614758
150,SCR 3,Mertzwiller As,https://cdn-transverse.azureedge.net/phlogos/BC504126.jpg,2026-04-12,10:00:00,"STADE JEAN PIERRE 2, ROESCHWOOG",t,District 7 Accession,5,2,"{""Stephane LAUTER"",""Stephane LAUTER"",""Erwan KNOERY"",""Erwan KNOERY"",""Romain SCHMITT""}",termine,2026-04-27 11:13:12.625417,2026-05-11 11:02:24.61825
220,SCR 3,Weitbruch Fc,https://cdn-transverse.azureedge.net/phlogos/BC504016.jpg,2026-04-19,10:00:00,"STADE JEAN PIERRE 2, ROESCHWOOG",t,District 7 Accession,5,3,"{""Kevin WILHELM"",""Romain SCHMITT"",""Romain SCHMITT"",""Dylan MARTZ"",""Stephane LAUTER""}",termine,2026-05-11 11:02:24.619609,2026-05-11 11:06:22.531711
100,SCR 3,Hunspach As,https://cdn-transverse.azureedge.net/phlogos/BC511367.jpg,2026-05-03,10:00:00,"STADE MUNICIPAL 1, HUNSPACH",f,District 7 Accession,1,8,"{""Romain SCHMITT""}",termine,2026-04-27 11:08:37.670334,2026-05-11 11:02:24.631498
156,SCR 3,Hatten As,https://cdn-transverse.azureedge.net/phlogos/BC510304.jpg,2026-05-10,10:00:00,"STADE JEAN PIERRE 2, ROESCHWOOG",t,District 7 Accession,1,2,"{""Stephan KRAUSE""}",termine,2026-04-27 11:13:12.630814,2026-05-11 11:02:24.633668
159,SCR 3,Mertzwiller As,https://cdn-transverse.azureedge.net/phlogos/BC504126.jpg,2026-05-17,10:00:00,"STADE MUNICIPAL 2, MERTZWILLER",f,District 7 Accession,1,4,"{""Yanis DUARTE""}",termine,2026-04-27 11:13:12.632771,2026-05-18 08:28:39.736198
162,SCR 3,Weitbruch Fc,https://cdn-transverse.azureedge.net/phlogos/BC504016.jpg,2026-05-31,10:00:00,"ESP. FOOTBALLISTIQUE L. SPECHT 1, WEITBRUCH",f,District 7 Accession,0,3,{},termine,2026-04-27 11:13:12.635912,2026-06-02 14:02:50.629058
165,SCR 3,Hinterfeld Ac,https://cdn-transverse.azureedge.net/phlogos/BC537861.jpg,2026-06-07,10:00:00,"STADE JEAN PIERRE 2, ROESCHWOOG",t,District 7 Accession,3,10,"{""Quentin DUARTE"",""Yanis DUARTE"",""Tom NEUHARDT""}",termine,2026-04-27 11:13:12.637922,2026-06-09 09:27:06.031044
